{
  "ratio": 4.26,
  "instances": 20,
  "rows": [
    {
      "n": 30,
      "m": 127,
      "median_seconds": 0.0005754254962084815,
      "median_conflicts": 13.0,
      "sat_fraction": 0.8,
      "all_seconds": [
        0.0003297910006949678,
        0.0012084920017514378,
        0.0008651059906696901,
        8.546399476472288e-05,
        7.839899626560509e-05,
        0.000910841001314111,
        0.0009988329984480515,
        0.00031916500302031636,
        0.0005323939985828474,
        8.739400072954595e-05,
        0.0007839409954613075,
        0.00020693999249488115,
        0.0010197099909419194,
        7.069700222928077e-05,
        9.439999121241271e-05,
        0.001039192997268401,
        7.297898991964757e-05,
        0.0008020410023164004,
        0.0009016739932121709,
        0.0006184569938341156
      ]
    },
    {
      "n": 50,
      "m": 213,
      "median_seconds": 0.002272415498737246,
      "median_conflicts": 42.0,
      "sat_fraction": 0.7,
      "all_seconds": [
        0.004543208997347392,
        0.0033389439922757447,
        0.0019051600102102384,
        0.0028035759896738455,
        0.0004304309986764565,
        0.0024692360020708293,
        0.0012470099900383502,
        0.0001964819966815412,
        0.0020755949954036623,
        0.00035087500873487443,
        0.0012804580037482083,
        0.002517347995308228,
        0.0017509140016045421,
        0.004288387004635297,
        0.0025020840112119913,
        0.000738678005291149,
        0.005922133001149632,
        0.002839558001141995,
        0.0026750620017992333,
        0.0016332029917975888
      ]
    },
    {
      "n": 70,
      "m": 298,
      "median_seconds": 0.008980843995232135,
      "median_conflicts": 128.0,
      "sat_fraction": 0.4,
      "all_seconds": [
        0.008970436989329755,
        0.010978431993862614,
        0.002023196007939987,
        0.008856957996613346,
        0.010331634999602102,
        0.017443980992538854,
        0.011874709001858719,
        0.00414917801390402,
        0.002938489997177385,
        0.0050838899915106595,
        0.0028283370047574863,
        0.00399970100261271,
        0.0028081970085622743,
        0.007531163995736279,
        0.011835868004709482,
        0.008991251001134515,
        0.009082735996344127,
        0.009109729988267645,
        0.013669737003510818,
        0.011762797003029846
      ]
    },
    {
      "n": 90,
      "m": 383,
      "median_seconds": 0.017469602498749737,
      "median_conflicts": 200.5,
      "sat_fraction": 0.65,
      "all_seconds": [
        0.01005206500121858,
        0.011905036997632124,
        0.013993802989716642,
        0.009982955001760274,
        0.0055077279976103455,
        0.02768838200427126,
        0.024211350988480262,
        0.03060597600415349,
        0.004253885999787599,
        0.004672615003073588,
        0.04470279399538413,
        0.005294567992677912,
        0.04212244399241172,
        0.01767687499523163,
        0.008573657993110828,
        0.0394576779945055,
        0.02349763699749019,
        0.05112629500217736,
        0.017262330002267845,
        0.02564622400677763
      ]
    },
    {
      "n": 110,
      "m": 468,
      "median_seconds": 0.05943720399227459,
      "median_conflicts": 566.0,
      "sat_fraction": 0.35,
      "all_seconds": [
        0.04834306600969285,
        0.09391136300109793,
        0.08405217398831155,
        0.06307524599833414,
        0.0058687489945441484,
        0.06090575699636247,
        0.05796865098818671,
        0.03760615400096867,
        0.13440812700719107,
        0.11119390600651968,
        0.04646147399034817,
        0.07222534700122196,
        0.05555679301323835,
        0.07186546199955046,
        0.08500683300371747,
        0.0032870270079001784,
        0.035110778000671417,
        0.035809154011076316,
        0.04956602399761323,
        0.07528455799911171
      ]
    },
    {
      "n": 130,
      "m": 553,
      "median_seconds": 0.10476586400181986,
      "median_conflicts": 855.0,
      "sat_fraction": 0.5,
      "all_seconds": [
        0.19140294699172955,
        0.19119328100350685,
        0.0512003320036456,
        0.10594466399925295,
        0.08565707701200154,
        0.06267322300118394,
        0.015104694000910968,
        0.17542090200004168,
        0.021072229006676935,
        0.1594508739945013,
        0.09011242599808611,
        0.1425723169959383,
        0.0975498120096745,
        0.11225792800541967,
        0.23247979300504085,
        0.028692261010291986,
        0.014798254997003824,
        0.19336653599748388,
        0.10358706400438678,
        0.18807007100258488
      ]
    },
    {
      "n": 150,
      "m": 639,
      "median_seconds": 0.13731415650545387,
      "median_conflicts": 956.0,
      "sat_fraction": 0.95,
      "all_seconds": [
        0.09710088699648622,
        0.19084096000005957,
        0.11308156698942184,
        0.1762817729904782,
        0.004486238001845777,
        0.3430270209937589,
        0.013785034985630773,
        0.13367774400103372,
        0.2692737780016614,
        0.03928771299251821,
        0.05250674800481647,
        0.19707332299731206,
        0.3047870900045382,
        0.372951555007603,
        0.2067183540057158,
        0.0572985110047739,
        0.08619416199508123,
        0.11014822199649643,
        0.3073578370094765,
        0.14095056900987402
      ]
    }
  ]
}